Date,ESGU,VICE,FSI,ESGD,US
2019/1/30,58.700001,23.030001,-1.596,61.209999,-0.741
2019/1/31,59.23,23.413,-1.701,61.130001,-0.764
2019/2/1,59.200001,23.49,-1.85,61.07,-0.83
2019/2/4,59.504002,23.6,-1.939,61.195,-0.875
2019/2/5,59.924999,23.714001,-2.061,61.810001,-0.905
2019/2/6,59.900002,23.639999,-2.073,61.400002,-0.912
2019/2/7,59.32,23.5,-1.865,60.669998,-0.845
2019/2/8,59.25,23.700001,-1.794,60.450001,-0.881
2019/2/11,59.5,23.709999,-1.875,60.299999,-0.908
2019/2/12,60.189999,24.209999,-2.109,61.060001,-0.985
2019/2/13,60.48,24.415001,-2.174,61.07,-1.015
2019/2/14,60.41,24.372999,-2.065,61.099998,-0.97
2019/2/15,60.814999,24.552,-2.17,61.939999,-1.058
2019/2/19,61.060001,24.629999,-2.306,62.18,-1.114
2019/2/20,61.119999,24.950001,-2.449,62.419998,-1.176
2019/2/21,60.827,24.950001,-2.466,62.259998,-1.18
2019/2/22,61.299999,25.089001,-2.591,62.470001,-1.232
2019/2/25,61.43,25.07,-2.599,62.650002,-1.216
2019/2/26,61.459999,25.017,-2.621,63,-1.211
2019/2/27,61.439999,25.017,-2.68,62.720001,-1.23
2019/2/28,61.259998,25.08,-2.711,62.610001,-1.235
2019/3/1,61.599998,25.24,-2.837,62.889999,-1.317
2019/3/4,61.269001,25.110001,-2.827,62.759998,-1.287
2019/3/5,61.349998,25.26,-2.837,62.849998,-1.271
2019/3/6,60.919998,25.02,-2.727,62.669998,-1.209
2019/3/7,60.25,24.870001,-2.526,61.779999,-1.106
2019/3/8,60.237,24.752001,-2.395,61.77,-1.115
2019/3/11,61.169998,25.273001,-2.608,62.389999,-1.224
2019/3/12,61.349998,25.209,-2.714,62.389999,-1.264
2019/3/13,61.84,25.309999,-2.774,62.919998,-1.313
2019/3/14,61.808998,25.337999,-2.859,62.880001,-1.312
2019/3/15,62.110001,25.42,-2.982,63.5,-1.345
2019/3/18,62.360001,25.694,-3.076,63.759998,-1.367
2019/3/19,62.25,25.551001,-3.139,63.955002,-1.384
2019/3/20,61.974998,25.559,-3.011,63.970001,-1.355
2019/3/21,62.689999,25.620001,-3,63.950001,-1.402
2019/3/22,61.470001,25.184999,-2.614,62.672001,-1.184
2019/3/25,61.389999,25.17,-2.379,62.703999,-1.143
2019/3/26,61.849998,25.33,-2.588,63.080002,-1.229
2019/3/27,61.52,25.08,-2.403,63.02,-1.122
2019/3/28,61.73,25.285,-2.357,62.82,-1.15
2019/3/29,62.139999,25.48,-2.559,63.18,-1.21
2019/4/1,62.887001,25.549,-2.836,63.959999,-1.318
2019/4/2,63.029999,25.485001,-2.873,64.040001,-1.326
2019/4/3,63.009998,25.24,-3.005,64.510002,-1.359
2019/4/4,63.150002,25.23,-3.038,64.389999,-1.378
2019/4/5,63.459999,25.299999,-3.145,64.510002,-1.436
2019/4/8,63.650002,25.296,-3.143,64.589996,-1.454
2019/4/9,63.169998,25.141001,-3.091,64.190002,-1.403
2019/4/10,63.48,25.27,-3.13,64.400002,-1.482
2019/4/11,63.529999,25.167999,-3.285,64.349998,-1.545
2019/4/12,63.950001,25.110001,-3.402,64.75,-1.599
2019/4/15,63.919998,25.160999,-3.431,64.739998,-1.595
2019/4/16,64.010002,25.059999,-3.548,64.900002,-1.641
2019/4/17,63.75,24.73,-3.528,65.110001,-1.608
2019/4/18,63.902,24.940001,-3.459,65.059998,-1.597
2019/4/22,64,25,-3.482,65.010002,-1.617
2019/4/23,64.519997,25.174999,-3.498,65.07,-1.619
2019/4/24,64.510002,25.190001,-3.307,64.629997,-1.529
2019/4/25,64.440002,25.25,-3.254,64.525002,-1.507
2019/4/26,64.540001,25.540001,-3.229,64.800003,-1.51
2019/4/29,64.769997,25.6,-3.261,65.07,-1.522
2019/4/30,64.849998,25.658001,-3.221,65.160004,-1.502
2019/5/1,64.300003,25.530001,-3.161,64.830002,-1.434
2019/5/2,64.059998,25.379999,-3.155,64.550003,-1.463
2019/5/3,64.765999,25.790001,-3.272,65.25,-1.555
2019/5/6,64.529999,25.834999,-2.963,64.639999,-1.407
2019/5/7,63.450001,25.370001,-2.499,63.59,-1.19
2019/5/8,63.610001,25.327,-2.45,63.549999,-1.204
2019/5/9,63.189999,25.219,-2.134,63.240002,-1.152
2019/5/10,63.130001,25.150999,-2.377,63.610001,-1.295
2019/5/13,61.82,24.723,-1.961,62.189999,-1.007
2019/5/14,62.41,25.006001,-2.153,62.889999,-1.139
2019/5/15,62.777,24.950001,-2.285,63.16,-1.184
2019/5/16,63.310001,24.98,-2.45,63.450001,-1.273
2019/5/17,62.979,25.042999,-2.403,63.220001,-1.232
2019/5/20,62.540001,24.950001,-2.346,62.860001,-1.213
2019/5/21,63.049999,25.040001,-2.54,63.290001,-1.317
2019/5/22,62.963001,25.072001,-2.59,63.080002,-1.31
2019/5/23,62.098,24.950001,-2.123,62.330002,-1.097
2019/5/24,62.16,24.940001,-2.226,63.130001,-1.154
2019/5/28,61.775002,24.486,-2.187,62.59,-1.05
2019/5/29,61.34,24.246,-2,62.080002,-0.976
2019/5/30,61.310001,24.26,-2.065,62.369999,-1.014
2019/5/31,60.639999,23.948,-1.699,61.869999,-0.803
2019/6/3,60.5,24.045,-1.482,62.279999,-0.694
2019/6/4,61.59,24.41,-1.74,62.860001,-0.888
2019/6/5,62.240002,24.43,-1.839,62.93,-0.921
2019/6/6,62.650002,24.790001,-1.919,63.110001,-0.952
2019/6/7,63.349998,25.046,-1.962,63.98,-0.951
2019/6/10,63.75,24.978001,-2.176,64.220001,-1.051
2019/6/11,63.619999,25.125,-2.281,64.489998,-1.105
2019/6/12,63.500999,24.875,-2.137,63.959999,-1.012
2019/6/13,63.759998,24.948999,-2.083,64.019997,-0.981
2019/6/14,63.720001,24.735001,-2.132,63.548,-0.994
2019/6/17,63.41,24.660999,-2.144,62.439999,-1.015
2019/6/18,64.050003,24.679001,-2.181,63.290001,-1.047
2019/6/19,64.379997,24.690001,-2.265,63.700001,-1.098
2019/6/20,64.829002,24.950001,-2.283,64.230003,-1.087
2019/6/21,64.878998,24.851999,-2.28,63.939999,-1.097
2019/6/24,64.724998,24.855,-2.273,64.150002,-1.1
2019/6/25,64.07,24.73,-2.188,63.75,-1.053
2019/6/26,64.026001,24.51,-2.246,63.75,-1.108
2019/6/27,64.269997,24.73,-2.271,64,-1.083
2019/6/28,64.529999,25.084999,-2.277,64.309998,-1.088
2019/7/1,65.209999,25.195,-2.595,64.709999,-1.225
2019/7/2,65.160004,25.299999,-2.662,64.769997,-1.27
2019/7/3,65.726997,25.639999,-2.775,65.279999,-1.344
2019/7/5,65.629997,25.481001,-2.917,64.709999,-1.403
2019/7/8,65.410004,25.6,-2.868,64.43,-1.392
2019/7/9,65.440002,25.25,-2.874,64.110001,-1.376
2019/7/10,65.694,25.531,-2.797,64.279999,-1.339
2019/7/11,65.746002,25.372,-2.921,64.260002,-1.362
2019/7/12,66.127998,25.42,-3.002,64.339996,-1.42
2019/7/15,66.199997,25.299,-2.977,64.410004,-1.372
2019/7/16,66.040001,25.290001,-2.995,64.080002,-1.381
2019/7/17,65.636002,25.443001,-2.82,64.065002,-1.274
2019/7/18,65.739998,25.790001,-2.528,64.169998,-1.17
2019/7/19,65.459999,25.587,-2.683,64.029999,-1.227
2019/7/22,65.580002,25.290001,-2.783,64.120003,-1.319
2019/7/23,65.998001,25.254999,-2.878,64.510002,-1.339
2019/7/24,66.389999,25.290001,-2.884,64.559998,-1.364
2019/7/25,65.970001,25.200001,-2.93,64.019997,-1.369
2019/7/26,66.449997,25.423,-3.003,64.080002,-1.412
2019/7/29,66.419998,25.360001,-2.969,64.230003,-1.379
2019/7/30,66.230003,25.24,-2.825,63.470001,-1.31
2019/7/31,65.739998,24.879999,-2.723,63.130001,-1.23
2019/8/1,65.110001,24.690001,-2.375,62.950001,-0.987
2019/8/2,64.224998,24.549999,-1.919,62.34,-0.883
2019/8/5,62.610001,23.771999,-0.919,60.889999,-0.396
2019/8/6,63.279999,24,-1.221,61.299999,-0.685
2019/8/7,63.360001,24.16,-1.097,61.68,-0.657
2019/8/8,64.589996,24.49,-1.493,62.18,-0.836
2019/8/9,64.239998,24.48,-1.439,61.849998,-0.773
2019/8/12,63.334999,24.089001,-1.142,61.259998,-0.552
2019/8/13,64.252998,24.351999,-1.362,61.759998,-0.791
2019/8/14,62.583,23.77,-0.845,60.169998,-0.412
2019/8/15,62.610001,23.804001,-0.586,60.349998,-0.34
2019/8/16,63.450001,24.224001,-0.909,61.080002,-0.532
2019/8/19,64.315002,24.43,-1.224,61.470001,-0.714
2019/8/20,63.759998,24.327,-1.178,61.220001,-0.65
2019/8/21,64.253998,24.469999,-1.438,61.77,-0.83
2019/8/22,64.220001,24.625,-1.46,61.639999,-0.838
2019/8/23,62.610001,23.92,-1.063,60.919998,-0.57
2019/8/26,63.32,24.07,-0.983,61.48,-0.626
2019/8/27,63.150002,23.750999,-1.046,61.43,-0.588
2019/8/28,63.52,23.879999,-1.102,61.41,-0.653
2019/8/29,64.360001,24.091999,-1.251,61.889999,-0.736
2019/8/30,64.309998,24.013,-1.283,62.150002,-0.672
2019/9/3,63.939999,23.85,-1.214,61.950001,-0.605
2019/9/4,64.629997,23.937,-1.491,62.860001,-0.757
2019/9/5,65.510002,24.132,-1.853,63.23,-0.934
2019/9/6,65.589996,24.212,-2.033,63.450001,-1.024
2019/9/9,65.57,24.190001,-2.084,63.549999,-1.004
2019/9/10,65.480003,24.059999,-2.174,63.709999,-1.035
2019/9/11,65.900002,24.26,-2.254,64.120003,-1.078
2019/9/12,66.339996,24.34,-2.534,64.410004,-1.154
2019/9/13,66.230003,24.16,-2.67,64.775002,-1.209
2019/9/16,66.035004,23.959999,-2.199,64.209999,-1.046
2019/9/17,66.167,23.846001,-2.102,64.610001,-1.01
2019/9/18,66.150002,23.690001,-2.12,64.489998,-1.041
2019/9/19,66.160004,23.5,-2.132,64.720001,-1.033
2019/9/20,65.949997,23.514,-2.046,64.5,-0.915
2019/9/23,65.900002,23.381001,-2,64.410004,-0.939
2019/9/24,65.172997,23.27,-1.849,64.239998,-0.858
2019/9/25,65.636002,23.496,-1.834,63.950001,-0.905
2019/9/26,65.519997,23.57,-1.804,64.290001,-0.838
2019/9/27,65.120003,23.4,-1.727,63.985001,-0.744
2019/9/30,65.370003,23.639999,-1.797,64.120003,-0.8
2019/10/1,64.720001,23.452999,-1.617,63.580002,-0.609
2019/10/2,63.448002,23.129999,-1.207,62.299999,-0.405
2019/10/3,64.099998,23.243999,-1.139,62.709999,-0.457
2019/10/4,64.870003,23.591999,-1.398,63.27,-0.604
2019/10/7,64.714996,23.542999,-1.499,63.240002,-0.634
2019/10/8,63.59,23.26,-1.323,62.555,-0.475
2019/10/9,64.204002,23.304001,-1.488,63.07,-0.585
2019/10/10,64.578003,23.267,-1.661,63.5,-0.693
2019/10/11,65.419998,23.548,-1.95,64.589996,-0.801
2019/10/14,65.300003,23.264999,-1.986,64.360001,-0.839
2019/10/15,65.980003,23.440001,-2.256,65.160004,-0.927
2019/10/16,65.760002,23.493999,-2.581,65.160004,-1.022
2019/10/17,65.970001,23.622999,-2.703,65.32,-1.069
2019/10/18,65.669998,23.51,-2.707,65.269997,-1.083
2019/10/21,66.190002,23.719999,-2.877,65.760002,-1.174
2019/10/22,65.955002,23.853001,-2.853,65.620003,-1.144
2019/10/23,66.110001,23.809999,-2.9,65.980003,-1.153
2019/10/24,66.300003,23.73,-3.004,66.080002,-1.189
2019/10/25,66.639999,23.820999,-3.177,66.129997,-1.273
2019/10/28,67.139999,23.791,-3.229,66.370003,-1.282
2019/10/29,67.029999,23.889999,-3.194,66.339996,-1.25
2019/10/30,67.209999,23.777,-3.152,66.720001,-1.256
2019/10/31,67.050003,23.59,-3.039,66.470001,-1.151
2019/11/1,67.580002,23.927,-3.165,67.110001,-1.236
2019/11/4,68,23.982,-3.256,67.43,-1.267
2019/11/5,67.849998,23.951,-3.314,67.43,-1.249
2019/11/6,67.900002,23.92,-3.311,67.279999,-1.271
2019/11/7,68.089996,23.799999,-3.38,67.529999,-1.27
2019/11/8,68.349998,23.950001,-3.377,67.470001,-1.307
2019/11/11,68.18,24.004,-3.32,67.309998,-1.277
2019/11/12,68.319,24.457001,-3.4,67.345001,-1.294
2019/11/13,68.345001,24.51,-3.259,67.18,-1.268
2019/11/14,68.455002,24.370001,-3.199,66.959999,-1.251
2019/11/15,68.917,24.573999,-3.38,67.330002,-1.347
2019/11/18,69.029999,24.547001,-3.391,67.400002,-1.339
2019/11/19,69.135002,24.6,-3.365,67.372002,-1.331
2019/11/20,68.791,24.690001,-3.252,66.849998,-1.301
2019/11/21,68.75,24.690001,-3.227,66.810997,-1.306
2019/11/22,68.830002,24.66,-3.322,66.900002,-1.332
2019/11/25,69.360001,24.900999,-3.461,67.43,-1.377
2019/11/26,69.584999,24.809999,-3.492,67.489998,-1.391
2019/11/27,69.889999,25.105,-3.623,67.599998,-1.439
2019/11/29,69.586998,25.031,-3.527,67.166,-1.392
2019/12/2,68.93,24.99,-3.293,66.739998,-1.256
2019/12/3,68.510002,24.815001,-3.081,66.598,-1.166
2019/12/4,69.038002,24.906,-3.145,67.150002,-1.232
2019/12/5,69.071999,24.747,-3.194,67.125,-1.254
2019/12/6,69.739998,24.955,-3.319,67.769997,-1.299
2019/12/9,69.480003,24.804001,-3.243,67.379997,-1.238
2019/12/10,69.415001,24.74,-3.268,67.489998,-1.267
2019/12/11,69.599998,24.780001,-3.295,67.830002,-1.308
2019/12/12,70.230003,24.844999,-3.457,68.139999,-1.379
2019/12/13,70.239998,24.905001,-3.649,68.690002,-1.425
2019/12/16,70.434998,25.209999,-3.831,68.803001,-1.478
2019/12/17,70.400002,25.165001,-3.83,68.400002,-1.46
2019/12/18,70.5,25.242001,-3.847,68.279999,-1.464
2019/12/19,70.722,25.315001,-3.866,68.358002,-1.486
2019/12/20,71.195999,25.555,-3.89,68.434998,-1.475
2019/12/23,71.208,25.6,-3.898,68.559998,-1.482
2019/12/24,71.210999,25.610001,-3.841,68.459999,-1.443
2019/12/26,71.629997,25.705,-4.171,68.75,-1.443
2019/12/27,71.610001,25.105,-4.094,68.879997,-1.397
2019/12/30,71.144997,25.075001,-3.581,68.400002,-1.311
2019/12/31,71.32,25.07,-3.632,68.739998,-1.387
2020/1/2,71.969002,25.135,-3.754,69.334999,-1.46
2020/1/3,71.554001,25.030001,-3.553,68.519997,-1.362
2020/1/6,71.775002,25.164,-3.508,68.830002,-1.432
2020/1/7,71.589996,25.134001,-3.641,68.559998,-1.433
2020/1/8,71.970001,25.325001,-3.606,68.720001,-1.473
2020/1/9,72.469002,25.406,-3.884,68.940002,-1.58
2020/1/10,72.220001,25.334999,-3.925,68.589996,-1.582
2020/1/13,72.876999,25.386999,-4.006,68.989998,-1.639
2020/1/14,72.800003,25.421,-4.055,69.18,-1.638
2020/1/15,72.919998,25.614,-4.007,69.099998,-1.611
2020/1/16,73.559998,25.708,-4.139,69.400002,-1.653
2020/1/17,73.800003,25.743,-4.242,69.620003,-1.68
2020/1/21,73.709999,25.584999,-4.075,69.139999,-1.65
2020/1/22,73.760002,25.657,-4.086,69.25,-1.65
2020/1/23,73.839996,25.440001,-3.933,69.110001,-1.625
2020/1/24,73.199997,25.263,-3.825,68.900002,-1.516
2020/1/27,72.110001,24.997999,-3.12,67.400002,-1.256
2020/1/28,72.849998,25.087999,-3.4,68.010002,-1.413
2020/1/29,72.769997,25.084999,-3.455,68,-1.404
2020/1/30,73.110001,24.815001,-3.238,67.989998,-1.39
2020/1/31,71.779999,24.469999,-2.955,66.870003,-1.185
2020/2/3,72.43,24.548,-2.957,66.970001,-1.247
2020/2/4,73.589996,24.84,-3.414,68.139999,-1.441
2020/2/5,74.279999,25.034,-3.627,68.830002,-1.534
2020/2/6,74.449997,25.080999,-3.725,69.040001,-1.578
2020/2/7,74.169998,24.91,-3.593,68.32,-1.498
2020/2/10,74.669998,25.201,-3.567,68.529999,-1.523
2020/2/11,74.849998,25.530001,-3.702,68.839996,-1.584
2020/2/12,75.290001,25.677999,-3.893,69.169998,-1.665
2020/2/13,75.230003,25.801001,-3.82,68.610001,-1.649
2020/2/14,75.379997,25.768,-3.804,68.559998,-1.661
2020/2/18,75.209999,25.65,-3.655,68.160004,-1.592
2020/2/19,75.580002,25.844,-3.765,68.400002,-1.607
2020/2/20,75.290001,25.757999,-3.566,68.014999,-1.507
2020/2/21,74.440002,25.613001,-3.326,67.669998,-1.403
2020/2/24,72.040001,24.969,-2.342,65.089996,-0.866
2020/2/25,69.879997,24.23,-1.746,64.040001,-0.671
2020/2/26,69.589996,24.011,-1.639,64.152,-0.621
2020/2/27,66.480003,23,-0.367,62.080002,0.082
2020/2/28,66.050003,22.52,0.772,62.080002,0.4
2020/3/2,68.940002,22.834999,0.339,62.678001,0.065
2020/3/3,67.129997,23.07,0.518,62.18,0.402
2020/3/4,69.940002,23.646,-0.102,63.91,0.12
2020/3/5,67.730003,22.875999,0.287,62.25,0.455
2020/3/6,66.389999,22.646,1.68,61.27,0.969
2020/3/9,61.360001,21.033001,5.134,56.470001,2.473
2020/3/10,64.339996,21.24,3.816,58.75,1.515
2020/3/11,61.259998,20.208,4.663,55.720001,2.054
2020/3/12,55.32,18.476,7.475,49.57,3.542
2020/3/13,60.57,19.01,6.391,52.41,2.581
2020/3/16,53.299999,17.48,8.99,47.080002,4.168
2020/3/17,56.799999,18,8.185,49.040001,3.72
2020/3/18,53.880001,16.459999,9.486,46.41,4.426
2020/3/19,54.119999,17.361,10.266,47.380001,4.863
2020/3/20,51.66,16.849001,9.84,46.880001,4.844
2020/3/23,49.98,16.16,10.054,46.16,4.988
2020/3/24,54.825001,17.5,8.474,50.220001,4.467
2020/3/25,55.27,18.181999,7.962,51.84,4.316
2020/3/26,58.369999,19.118,7.671,54.047001,4.017
2020/3/27,56.709999,18.570999,8.333,52.740002,4.388
2020/3/30,58.610001,18.962,7.954,53.759998,3.991
2020/3/31,57.490002,19.011999,7.282,53.16,3.763
2020/4/1,55.080002,18.33,7.932,50.830002,4.114
2020/4/2,56.34,18.66,7.704,51.630001,3.85
2020/4/3,55.544998,18.474001,7.501,50.540001,3.662
2020/4/6,59.27,19.212,6.797,53.16,3.409
2020/4/7,59.369999,19.389,6.579,53.41,3.324
2020/4/8,61.27,20.136,6.077,53.91,2.982
2020/4/9,62.389999,20.521999,5.546,55.189999,2.674
2020/4/13,61.689999,20.415001,5.41,54.700001,2.481
2020/4/14,63.650002,20.809999,4.773,55.669998,2.238
2020/4/15,62.189999,20.528999,5.1,53.990002,2.399
2020/4/16,62.57,20.719999,5.139,53.919998,2.326
2020/4/17,64.160004,21.045,4.648,55.189999,2.15
2020/4/20,63.18,20.950001,4.757,54.549999,2.316
2020/4/21,61.080002,20.437,5.647,53.498001,2.585
2020/4/22,62.57,20.91,5.351,54.349998,2.313
2020/4/23,62.529999,20.76,5.095,54.049999,2.238
2020/4/24,63.43,20.992001,4.939,54.68,1.971
2020/4/27,64.379997,21.499001,4.222,55.48,1.681
2020/4/28,64.029999,21.679001,4.026,55.82,1.634
2020/4/29,65.839996,22.186001,3.507,57.25,1.351
2020/4/30,65.129997,21.837,3.399,56.150002,1.296
2020/5/1,63.43,21.174,3.754,55.02,1.307
2020/5/4,63.689999,21.229,3.721,54.860001,1.197
2020/5/5,64.230003,21.382999,3.36,54.950001,1.015
2020/5/6,63.889999,21.461,3.391,54.57,1.024
2020/5/7,64.730003,21.57,3.089,55.43,0.915
2020/5/8,65.830002,21.92,2.62,56.310001,0.727
2020/5/11,65.93,21.929001,2.43,56.290001,0.673
2020/5/12,64.57,21.499001,2.596,55.610001,0.864
2020/5/13,63.419998,21.030001,2.914,55.060001,0.985
2020/5/14,64.230003,21.087999,3.072,54.720001,0.863
2020/5/15,64.550003,21.184999,2.829,54.790001,0.803
2020/5/18,66.459999,21.885,2.218,56.869999,0.543
2020/5/19,65.709999,21.902,2.158,56.119999,0.582
2020/5/20,66.860001,22.162001,1.78,57.345001,0.402
2020/5/21,66.360001,22.113001,1.4,56.650002,0.277
2020/5/22,66.540001,22.112,1.486,56.52,0.216
2020/5/26,67.389999,22.389999,0.908,58.189999,0.09
2020/5/27,68.389999,23.024,0.778,58.799999,0.006
2020/5/28,68.279999,22.938999,0.688,59.459999,0.011
2020/5/29,68.489998,23.018,0.638,59.16,-0.052
2020/6/1,68.919998,23.068001,0.514,60.52,-0.088
2020/6/2,69.470001,23.084,0.243,61.088001,-0.216
2020/6/3,70.389999,23.700001,-0.148,62.540001,-0.363
2020/6/4,70.110001,23.68,-0.39,62.34,-0.415
2020/6/5,71.769997,23.895,-0.748,63.310001,-0.548
2020/6/8,72.669998,24.225,-0.96,64.220001,-0.618
2020/6/9,72.239998,23.969999,-0.728,63.349998,-0.49
2020/6/10,71.800003,23.660999,-0.597,63.18,-0.439
2020/6/11,67.75,22.201,0.633,59.720001,0.255
2020/6/12,68.580002,22.594999,0.671,60.779999,0.068
2020/6/15,69.040001,22.93,0.7,60.380001,-0.047
2020/6/16,70.25,23.143,0.123,61.205002,-0.232
2020/6/17,70.059998,23.129999,0.04,61.360001,-0.229
2020/6/18,70.150002,23.091999,0.11,61.09,-0.21
2020/6/19,69.769997,22.959999,-0.005,60.75,-0.15
2020/6/22,70.260002,22.917999,-0.077,61.52,-0.294
2020/6/23,70.550003,23.105,-0.284,61.82,-0.319
2020/6/24,68.769997,22.462,0.141,60.349998,-0.108
2020/6/25,69.559998,22.540001,0.1,61.150002,-0.195
2020/6/26,67.959999,22.195999,0.217,60.290001,-0.029
2020/6/29,68.839996,22.450001,0.198,60.73,-0.119
2020/6/30,69.989998,22.768,-0.115,60.580002,-0.243
2020/7/1,70.410004,22.790001,-0.393,60.950001,-0.363
2020/7/2,70.75,22.820999,-0.69,61.619999,-0.461
2020/7/6,71.959999,23.030001,-1.06,62.580002,-0.572
2020/7/7,71.220001,22.923,-0.967,61.610001,-0.511
2020/7/8,71.800003,23.051001,-0.991,62.150002,-0.6
2020/7/9,71.459999,22.888,-0.866,61.470001,-0.511
2020/7/10,72.18,22.966,-0.998,62.029999,-0.622
2020/7/13,71.400002,22.912001,-1.05,61.700001,-0.482
2020/7/14,72.383003,23.243,-1.038,62.560001,-0.595
2020/7/15,73.080002,23.85,-1.32,63.27,-0.712
2020/7/16,72.82,23.76,-1.318,62.959999,-0.696
2020/7/17,73.029999,24,-1.465,63.27,-0.786
2020/7/20,73.720001,23.862,-1.662,63.650002,-0.883
2020/7/21,73.75,24.066999,-1.809,63.799999,-0.915
2020/7/22,74.220001,24.16,-1.814,63.959999,-0.963
2020/7/23,73.290001,24.159,-1.725,63.455002,-0.867
2020/7/24,72.760002,24.688999,-1.495,63.080002,-0.661
2020/7/27,73.32,24.705,-1.587,63.900002,-0.909
2020/7/28,72.82,24.809999,-1.545,63.549999,-0.838
2020/7/29,73.809998,25.200001,-1.608,64.220001,-0.92
2020/7/30,73.540001,25.129999,-1.458,63.310001,-0.893
2020/7/31,74.139999,24.745001,-1.381,61.939999,-0.906
2020/8/3,74.709999,24.834999,-1.565,63.07,-0.95
2020/8/4,74.989998,24.885,-1.641,63.400002,-0.937
2020/8/5,75.449997,25.033001,-1.717,63.669998,-0.979
2020/8/6,75.93,24.83,-1.678,63.68,-0.996
2020/8/7,75.949997,24.950001,-1.724,63.459999,-1.026
2020/8/10,76.050003,24.916,-1.787,63.57,-1.041
2020/8/11,75.400002,25.004,-1.903,63.959999,-0.992
2020/8/12,76.559998,25.591999,-2.052,65.339996,-1.084
2020/8/13,76.519997,25.645,-2.032,64.949997,-1.054
2020/8/14,76.510002,25.6,-1.964,64.550003,-1.044
2020/8/17,76.800003,25.700001,-1.928,65.089996,-1.054
2020/8/18,77.028999,25.577,-1.872,65.07,-1.043
2020/8/19,76.720001,25.68,-1.91,64.82,-1.008
2020/8/20,77.029999,25.645,-1.769,64.660004,-1.017
2020/8/21,77.32,25.695,-1.799,64.309998,-1.012
2020/8/24,77.970001,25.879999,-1.944,65.160004,-1.069
2020/8/25,78.309998,25.879999,-2.041,65.230003,-1.111
2020/8/26,79.199997,25.882,-2.029,65.650002,-1.08
2020/8/27,79.330002,26.01,-1.956,64.970001,-1.05
2020/8/28,79.82,26.434,-1.78,65.480003,-1.098
2020/8/31,79.68,26.361,-1.521,64.949997,-1.008
2020/9/1,80.43,26.318001,-1.827,64.959999,-1.051
2020/9/2,81.559998,26.825001,-1.917,65.870003,-1.07
2020/9/3,78.510002,26.243999,-1.498,64.32,-0.728
2020/9/4,77.800003,26.17,-1.411,64.464996,-0.809
2020/9/8,75.550003,26.049999,-1.34,63.619999,-0.653
2020/9/9,77.080002,26.370001,-1.522,64.82,-0.799
2020/9/10,75.800003,26.264999,-1.546,64.120003,-0.725
2020/9/11,75.82,26.395,-1.73,64.730003,-0.833
2020/9/14,76.849998,26.667,-1.859,65.040001,-0.903
2020/9/15,77.32,26.886999,-1.913,65.489998,-0.941
2020/9/16,76.980003,26.790001,-1.889,65.489998,-0.917
2020/9/17,76.309998,26.447001,-1.796,65.510002,-0.903
2020/9/18,75.529999,26.209999,-1.795,65.010002,-0.905
2020/9/21,74.809998,25.812,-1.294,63.400002,-0.741
2020/9/22,75.489998,26.02,-1.409,63.400002,-0.81
2020/9/23,73.379997,25.6,-1.271,62.779999,-0.69
2020/9/24,73.480003,25.556,-1.097,62.68,-0.661
2020/9/25,74.870003,25.639999,-1.23,62.91,-0.76
2020/9/28,76.080002,26.099001,-1.392,63.91,-0.821
2020/9/29,75.669998,26.139999,-1.405,63.799999,-0.804
2020/9/30,76.209999,26.18,-1.488,63.48,-0.848
2020/10/1,76.699997,26.031,-1.511,63.950001,-0.847
2020/10/2,76.050003,26.174999,-1.369,63.779999,-0.795
2020/10/5,77.370003,26.715,-1.55,64.709999,-0.857
2020/10/6,76.370003,26.545,-1.592,64.160004,-0.777
2020/10/7,77.720001,26.950001,-1.744,64.629997,-0.895
2020/10/8,78.379997,27.219999,-1.941,65.089996,-0.995
2020/10/9,79.110001,27.507,-2.128,65.529999,-1.086
2020/10/12,80.32,27.563,-2.221,65.889999,-1.133
2020/10/13,79.900002,27.434999,-2.151,65.160004,-1.075
2020/10/14,79.459999,27.4,-2.135,65.07,-1.052
2020/10/15,79.389999,27.372999,-1.893,64.25,-1.009
2020/10/16,79.32,27.309999,-1.913,64.559998,-1.027
2020/10/19,78.129997,27.148001,-1.905,64.32,-0.942
2020/10/20,78.389999,27.235001,-1.866,64.540001,-0.956
2020/10/21,78.209999,27.007,-1.794,64.330002,-0.962
2020/10/22,78.660004,27.497999,-1.824,64.339996,-1.008
2020/10/23,78.830002,28.16,-1.891,64.779999,-1.028
2020/10/26,77.389999,27.6,-1.487,63.650002,-0.783
2020/10/27,77.239998,27.841,-1.322,63.139999,-0.722
2020/10/28,74.580002,27.211,-0.661,61.259998,-0.356
2020/10/29,75.32,27.273001,-0.708,61.5,-0.456
2020/10/30,74.43,27.044001,-0.642,61.150002,-0.43
2020/11/2,75.269997,27.035,-0.762,61.990002,-0.47
2020/11/3,76.639999,27.181999,-1.066,63.650002,-0.604
2020/11/4,78.32,27.27,-1.757,64.43,-0.939
2020/11/5,79.970001,27.424999,-2.139,65.900002,-1.08
2020/11/6,80.059998,27.575001,-2.245,66.099998,-1.188
2020/11/9,80.879997,27.399,-2.613,68.040001,-1.257
2020/11/10,80.68,27.51,-2.566,68.68,-1.29
2020/11/11,81.32,27.709,-2.767,69.220001,-1.353
2020/11/12,80.580002,27.417,-2.592,68.25,-1.207
2020/11/13,81.639999,27.718,-2.691,69.260002,-1.316
2020/11/16,82.620003,28.316,-2.886,70.059998,-1.389
2020/11/17,82.309998,28.416,-2.804,69.959999,-1.358
2020/11/18,81.459999,28.042,-2.764,69.589996,-1.283
2020/11/19,81.900002,28.256001,-2.733,70.040001,-1.293
2020/11/20,81.379997,28.24,-2.806,70.269997,-1.284
2020/11/23,81.940002,28.374001,-2.881,70.120003,-1.348
2020/11/24,83.220001,28.67,-3.091,71.190002,-1.446
2020/11/25,83.209999,28.716999,-3.073,71.129997,-1.431
2020/11/27,83.57,28.872,-3.21,71.68,-1.454
2020/11/30,83.160004,28.735001,-3.107,70.099998,-1.463
2020/12/1,83.980003,29.193001,-3.315,71.709999,-1.521
2020/12/2,84.089996,28.903999,-3.328,71.669998,-1.508
2020/12/3,84.07,29.148001,-3.321,71.889999,-1.512
2020/12/4,84.860001,29.354,-3.429,72.370003,-1.561
2020/12/7,84.779999,29.384001,-3.332,71.860001,-1.531
2020/12/8,85.080002,29.709999,-3.42,72.089996,-1.571
2020/12/9,84.190002,29.579,-3.529,72.150002,-1.533
2020/12/10,84.239998,29.865999,-3.506,72.309998,-1.526
2020/12/11,84.110001,29.775999,-3.343,71.93,-1.466
2020/12/14,83.57,29.864,-3.33,71.540001,-1.423
2020/12/15,84.650002,30.410999,-3.46,72.260002,-1.521
2020/12/16,84.739998,30.764,-3.549,72.529999,-1.535
2020/12/17,85.410004,31.187,-3.625,72.949997,-1.585
2020/12/18,85.160004,31.219,-3.599,72.760002,-1.588
2020/12/21,84.879997,30.976,-3.23,71.769997,-1.478
2020/12/22,84.839996,31.343,-3.222,71.650002,-1.492
2020/12/23,84.839996,31.605,-3.421,72.300003,-1.54
2020/12/24,85.169998,31.247,-3.553,72.43,-1.612
2020/12/28,85.709999,30.996,-3.671,73.07,-1.662
2020/12/29,85.519997,30.573999,-3.681,73.589996,-1.628
2020/12/30,85.650002,30.634001,-3.611,73.669998,-1.611
2020/12/31,86.029999,30.698999,-3.642,73.040001,-1.635
2021/1/4,84.889999,29.940001,-3.392,73.540001,-1.457
2021/1/5,85.489998,30.423,-3.419,74.209999,-1.539
2021/1/6,85.940002,30.823999,-3.655,75.040001,-1.606
2021/1/7,87.300003,31.299,-3.87,75.150002,-1.734
2021/1/8,87.860001,31.455,-3.982,75.779999,-1.767
2021/1/11,87.300003,31.275,-3.848,74.839996,-1.675
2021/1/12,87.400002,31.344999,-3.854,75.160004,-1.694
2021/1/13,87.620003,31.225,-3.933,75.07,-1.74
2021/1/14,87.339996,31.552999,-3.948,75.599998,-1.707
2021/1/15,86.650002,31.117001,-3.755,74.449997,-1.654
2021/1/19,87.389999,31.535999,-3.854,75.010002,-1.708
2021/1/20,88.620003,32.040001,-4.026,75.400002,-1.809
2021/1/21,88.699997,32.191002,-4.105,75.529999,-1.815
2021/1/22,88.440002,32.34,-4.019,75.169998,-1.791
2021/1/25,88.760002,32.173,-3.857,75.019997,-1.729
2021/1/26,88.610001,32.259998,-3.879,75.18,-1.747
2021/1/27,86.370003,31.282,-3.225,73.309998,-1.205
2021/1/28,87.209999,32.049999,-3.339,73.82,-1.454
2021/1/29,85.57,31.597,-3.053,72.339996,-1.308
2021/2/1,86.940002,32.092999,-3.329,73.230003,-1.428
2021/2/2,88.220001,32.783001,-3.727,73.970001,-1.617
2021/2/3,88.300003,32.978001,-3.967,74.139999,-1.716
2021/2/4,89.32,33.759998,-4.036,74.239998,-1.762
2021/2/5,89.720001,34.609001,-4.171,74.660004,-1.807
2021/2/8,90.379997,35.130001,-4.226,75.260002,-1.84
2021/2/9,90.300003,35.456001,-4.215,75.589996,-1.837
2021/2/10,90.349998,35.480999,-4.166,75.269997,-1.811
2021/2/11,90.529999,35.382,-4.263,75.870003,-1.848
2021/2/12,90.970001,35.849998,-4.364,76.239998,-1.9
2021/2/16,90.870003,35.880001,-4.332,76.860001,-1.84
2021/2/17,90.760002,35.400002,-4.269,76.489998,-1.83
2021/2/18,90.389999,34.882999,-4.207,76.029999,-1.81
2021/2/19,90.209999,35.216,-4.199,76.220001,-1.797
2021/2/22,89.43,35.036999,-3.941,76.040001,-1.706
2021/2/23,89.470001,34.437,-3.901,76.199997,-1.709
2021/2/24,90.339996,35.165001,-3.944,76.239998,-1.785
2021/2/25,88.099998,34.040001,-3.62,75.150002,-1.429
2021/2/26,87.730003,34.080002,-3.163,74.019997,-1.383
2021/3/1,89.900002,35.585999,-3.645,75.419998,-1.616
2021/3/2,89.089996,35.176998,-3.701,75.330002,-1.631
2021/3/3,87.730003,34.446999,-3.663,74.889999,-1.505
2021/3/4,86.440002,33.195,-3.374,74.120003,-1.359
2021/3/5,88.089996,33.439999,-3.369,74.660004,-1.503
2021/3/8,87.519997,33.516998,-3.348,74.360001,-1.426
2021/3/9,88.919998,34.262001,-3.486,75.410004,-1.508
2021/3/10,89.410004,34.733002,-3.613,75.779999,-1.594
2021/3/11,90.419998,35.472,-3.808,76.080002,-1.646
2021/3/12,90.559998,35.568001,-3.852,76.260002,-1.64
2021/3/15,91.199997,36.009998,-3.824,76.385002,-1.659
2021/3/16,90.980003,35.435001,-3.922,76.510002,-1.671
2021/3/17,91.260002,35.862999,-3.924,76.849998,-1.689
2021/3/18,89.800003,34.769001,-3.785,76.290001,-1.547
2021/3/19,89.730003,35.240002,-3.677,76.410004,-1.568
2021/3/22,90.480003,34.909,-3.619,76.400002,-1.655
2021/3/23,89.790001,33.974998,-3.472,75.419998,-1.585
2021/3/24,89.120003,33.27,-3.298,75.040001,-1.526
2021/3/25,89.339996,34.018002,-3.426,75.559998,-1.571
2021/3/26,90.800003,34.456001,-3.624,76.660004,-1.642
2021/3/29,90.599998,33.828999,-3.466,76.32,-1.556
2021/3/30,90.449997,34.291,-3.52,76.190002,-1.555
2021/3/31,90.870003,34.519001,-3.584,75.900002,-1.585
2021/4/1,91.949997,35.008999,-3.777,76.82,-1.698
2021/4/5,93.169998,35.176998,-3.864,78,-1.729
2021/4/6,93.18,35.323002,-3.853,77.220001,-1.716
2021/4/7,93.260002,35.321999,-3.892,77.360001,-1.746
2021/4/8,93.769997,35.688,-3.963,77.769997,-1.777
2021/4/9,94.449997,35.685001,-4.026,78,-1.816
2021/4/12,94.480003,35.439999,-3.908,77.57,-1.823
2021/4/13,94.860001,35.386002,-3.972,78.089996,-1.84
2021/4/14,94.470001,35.382999,-3.94,78.059998,-1.819
2021/4/15,95.529999,35.417999,-3.966,78.739998,-1.85
2021/4/16,95.779999,35.611,-4.002,79.25,-1.858
2021/4/19,95.230003,35.301998,-3.969,79.209999,-1.834
2021/4/20,94.629997,34.657001,-3.729,77.849998,-1.741
2021/4/21,95.529999,35.308998,-3.731,78.629997,-1.805
2021/4/22,94.68,35.356998,-3.89,78.400002,-1.764
2021/4/23,95.739998,35.741001,-4,79.129997,-1.86
2021/4/26,95.959999,35.868,-4.05,79.209999,-1.876
2021/4/27,95.830002,36.220001,-4.07,78.940002,-1.902
2021/4/28,95.790001,36.229,-4.064,79.209999,-1.885
2021/4/29,96.269997,36.601002,-4.045,79.25,-1.881
2021/4/30,95.510002,35.893002,-3.887,78.089996,-1.823
2021/5/3,95.75,35.667999,-3.918,79.099998,-1.83
2021/5/4,95.120003,35.200001,-3.725,77.959999,-1.752
2021/5/5,95.080002,35.335999,-3.851,79.019997,-1.766
2021/5/6,95.769997,34.888,-3.914,79.669998,-1.812
2021/5/7,96.480003,35.307999,-4.092,80.510002,-1.913
2021/5/10,95.440002,34.82,-3.998,80.239998,-1.809
2021/5/11,94.730003,34.650002,-3.566,79.129997,-1.689
2021/5/12,92.610001,33.252998,-3.208,77.779999,-1.447
2021/5/13,93.599998,33.555,-3.203,78.449997,-1.617
2021/5/14,95.139999,34.556999,-3.675,79.720001,-1.8
2021/5/17,94.879997,34.603001,-3.539,79.550003,-1.781
2021/5/18,94.07,34.647999,-3.591,79.82,-1.706
2021/5/19,93.760002,34.27,-3.32,79.110001,-1.643
2021/5/20,94.949997,34.786999,-3.481,80.199997,-1.713
2021/5/21,94.889999,34.695,-3.53,80.110001,-1.733
2021/5/24,95.879997,35.176998,-3.7,80.669998,-1.831
2021/5/25,95.690002,34.919998,-3.754,80.760002,-1.825
2021/5/26,95.93,35.514999,-3.884,80.650002,-1.889
2021/5/27,95.949997,35.646999,-3.947,80.830002,-1.915
2021/5/28,96.18,35.703999,-3.902,81.099998,-1.909
2021/6/1,96.029999,35.787998,-3.838,81.290001,-1.878
2021/6/2,96.279999,35.706001,-3.882,81.620003,-1.898
2021/6/3,95.839996,35.418999,-3.865,81.190002,-1.859
2021/6/4,96.730003,35.456001,-3.938,81.919998,-1.948
2021/6/7,96.75,36.042,-4.007,82.209999,-1.964
2021/6/8,96.809998,36.757999,-4.003,82.18,-1.944
2021/6/9,96.629997,36.210999,-3.943,81.900002,-1.885
2021/6/10,96.910004,36.185001,-4.028,81.089996,-1.955
2021/6/11,97.129997,36.341,-4.159,81.239998,-1.972
2021/6/14,97.379997,36.137001,-4.192,81.339996,-1.97
2021/6/15,97.120003,35.839001,-4.167,81.510002,-1.944
2021/6/16,96.610001,35.629002,-4.137,80.870003,-1.914
2021/6/17,96.639999,35.050999,-3.986,80.419998,-1.855
2021/6/18,95.330002,34.416,-3.735,78.739998,-1.709
2021/6/21,96.629997,35.403,-3.697,79.870003,-1.843
2021/6/22,97.150002,35.643002,-3.954,79.879997,-1.899
2021/6/23,97.150002,35.473,-4.024,79.339996,-1.941
2021/6/24,97.709999,35.804001,-4.118,80.07,-1.953
2021/6/25,98.029999,35.804001,-4.219,80.169998,-1.982
2021/6/28,98.330002,35.733002,-4.127,79.709999,-1.958
2021/6/29,98.43,35.773998,-4.094,79.75,-1.936
2021/6/30,98.470001,36.080002,-4.052,79.029999,-1.936
2021/7/1,98.959999,35.958,-4.042,79.309998,-1.932
2021/7/2,99.68,35.355,-4.154,79.589996,-2.008
2021/7/6,99.489998,34.720001,-3.96,79.050003,-1.919
2021/7/7,99.879997,34.178001,-3.887,79.489998,-1.904
2021/7/8,99.050003,33.846001,-3.544,78.379997,-1.775
2021/7/9,100.07,34.73,-3.779,79.760002,-1.916
2021/7/12,100.400002,34.804001,-3.892,80.080002,-1.925
2021/7/13,100.059998,34.091999,-3.876,79.669998,-1.869
2021/7/14,100.129997,33.578999,-3.837,79.860001,-1.886
2021/7/15,99.82,33.195999,-3.698,79.059998,-1.83
2021/7/16,99.110001,32.654999,-3.574,78.489998,-1.753
2021/7/19,97.629997,32.223,-2.862,77.089996,-1.468
2021/7/20,99.120003,33.041,-2.961,77.669998,-1.588
2021/7/21,99.889999,33.540001,-3.2,78.860001,-1.689
2021/7/22,100.120003,33.487,-3.262,78.879997,-1.692
2021/7/23,101.25,32.856998,-3.395,79.419998,-1.743
2021/7/26,101.449997,33.373001,-3.329,79.529999,-1.716
2021/7/27,100.900002,33.132999,-3.158,79.150002,-1.642
2021/7/28,100.860001,33.105,-3.193,79.510002,-1.685
2021/7/29,101.269997,33.023998,-3.404,80.050003,-1.811
2021/7/30,100.660004,32.480999,-3.342,79.559998,-1.746
2021/8/2,100.529999,32.549999,-3.272,79.989998,-1.605
2021/8/3,101.290001,32.233002,-3.287,80.510002,-1.644
2021/8/4,100.900002,31.987,-3.299,80.339996,-1.617
2021/8/5,101.529999,32.608002,-3.398,80.830002,-1.649
2021/8/6,101.610001,32.801998,-3.465,80.489998,-1.683
2021/8/9,101.57,32.719002,-3.434,80.470001,-1.653
2021/8/10,101.57,32.710999,-3.459,80.650002,-1.654
2021/8/11,101.809998,32.904999,-3.525,81.260002,-1.705
2021/8/12,102.089996,32.909,-3.612,81.160004,-1.746
2021/8/13,102.279999,32.310001,-3.653,81.730003,-1.749
2021/8/16,102.5,32.103001,-3.465,81.309998,-1.719
2021/8/17,101.800003,31.475,-3.33,80.519997,-1.632
2021/8/18,100.669998,31.434999,-3.31,80.290001,-1.508
2021/8/19,100.830002,30.971001,-3.032,79.519997,-1.464
2021/8/20,101.690002,31.297001,-3.194,79.82,-1.6
2021/8/23,102.629997,31.959999,-3.349,80.559998,-1.664
2021/8/24,102.830002,32.347,-3.382,80.760002,-1.669
2021/8/25,103.099998,32.873001,-3.458,80.739998,-1.717
2021/8/26,102.480003,32.625999,-3.323,80.220001,-1.625
2021/8/27,103.379997,33.424999,-3.449,81.059998,-1.733
2021/8/30,103.860001,33.101002,-3.501,81.059998,-1.736
2021/8/31,103.720001,33.075001,-3.526,80.940002,-1.72
2021/9/1,103.779999,33.376999,-3.623,81.709999,-1.745
2021/9/2,104.120003,33.314999,-3.629,82.050003,-1.756
2021/9/3,104.120003,33.160999,-3.631,82.43,-1.773
2021/9/7,103.709999,33.355,-3.598,82.480003,-1.714
2021/9/8,103.519997,32.993,-3.5,81.779999,-1.702
2021/9/9,103.150002,33.018002,-3.45,81.769997,-1.664
2021/9/10,102.32,32.515999,-3.416,81.519997,-1.585
2021/9/13,102.480003,32.285,-3.475,82.150002,-1.64
2021/9/14,102,32.022999,-3.471,81.870003,-1.618
2021/9/15,102.870003,32.205002,-3.487,82.080002,-1.668
2021/9/16,102.709999,32.405998,-3.439,81.919998,-1.633
2021/9/17,101.760002,32.391998,-3.287,80.879997,-1.529
2021/9/20,99.989998,31.68,-2.815,79.339996,-1.293
2021/9/21,99.93,31.677,-2.801,80.220001,-1.341
2021/9/22,100.949997,32.292999,-3.054,80.620003,-1.501
2021/9/23,102.150002,32.717999,-3.303,81.489998,-1.628
2021/9/24,101.949997,32.91,-3.401,80.690002,-1.655
2021/9/27,101.650002,33.370998,-3.385,80.459999,-1.624
2021/9/28,99.470001,32.731998,-3.039,78.800003,-1.441
2021/9/29,99.510002,32.772999,-3.013,78.669998,-1.457
2021/9/30,98.459999,32.455002,-2.976,78.379997,-1.377
2021/10/1,99.550003,33.535,-2.978,78.559998,-1.484
2021/10/4,98.209999,33.32,-2.842,77.720001,-1.396
2021/10/5,99.239998,33.034,-2.979,78.25,-1.488
2021/10/6,99.699997,33.077,-2.811,77.760002,-1.481
2021/10/7,100.540001,33.560001,-3.098,78.43,-1.558
2021/10/8,100.309998,33.275002,-3.191,78.309998,-1.587
2021/10/11,99.669998,33.27,-3.13,78.029999,-1.516
2021/10/12,99.510002,33.624001,-2.98,78.110001,-1.451
2021/10/13,99.989998,33.605999,-3.032,78.870003,-1.486
2021/10/14,101.760002,33.971001,-3.261,79.660004,-1.584
2021/10/15,102.419998,33.543999,-3.416,80.290001,-1.611
2021/10/18,102.82,33.507,-3.321,79.839996,-1.583
2021/10/19,103.559998,33.534,-3.431,80.419998,-1.618
2021/10/20,103.919998,33.588001,-3.48,80.68,-1.651
2021/10/21,104.169998,33.598999,-3.376,80.290001,-1.66
2021/10/22,104.010002,33.554001,-3.37,80.800003,-1.624
2021/10/25,104.510002,33.654999,-3.296,80.629997,-1.622
2021/10/26,104.650002,33.584,-3.347,80.839996,-1.594
2021/10/27,104.169998,33.158001,-3.177,80.519997,-1.517
2021/10/28,105.169998,33.140999,-3.085,81.389999,-1.55
2021/10/29,105.400002,32.904999,-3.015,80.949997,-1.496
2021/11/1,105.629997,33.575001,-3.072,81.769997,-1.472
2021/11/2,105.940002,33.391998,-3.156,81.650002,-1.506
2021/11/3,106.629997,33.525002,-3.243,82.32,-1.564
2021/11/4,107.110001,32.873001,-3.324,82.260002,-1.566
2021/11/5,107.339996,33.893002,-3.194,82.279999,-1.51
2021/11/8,107.470001,33.151001,-3.157,82.290001,-1.498
2021/11/9,107.160004,33.495998,-2.982,82.099998,-1.425
2021/11/10,106.230003,32.848999,-2.871,81.089996,-1.317
2021/11/11,106.169998,33.120998,-2.872,81.379997,-1.334
2021/11/12,107.080002,33.255001,-2.937,81.769997,-1.36
2021/11/15,107.059998,33.305,-2.95,81.589996,-1.333
2021/11/16,107.580002,33.240002,-2.925,81.410004,-1.324
2021/11/17,107.220001,33.091,-2.875,81.290001,-1.302
2021/11/18,107.550003,32.599998,-2.813,81.370003,-1.316
2021/11/19,107.360001,32.202,-2.66,80.629997,-1.252
2021/11/22,106.839996,32.261002,-2.621,80.120003,-1.182
2021/11/23,106.889999,32.139,-2.504,80,-1.177
2021/11/24,107.199997,32.120998,-2.432,79.489998,-1.178
2021/11/26,104.769997,31.457001,-1.184,77.449997,-0.672
2021/11/29,106.129997,31.32,-1.313,77.720001,-0.875
2021/11/30,104.089996,30.798,-0.921,77.029999,-0.65
2021/12/1,102.699997,30,-1.005,76.639999,-0.499
2021/12/2,104.339996,30.735001,-0.991,77.660004,-0.64
2021/12/3,103.260002,29.813,-0.808,77.330002,-0.51
2021/12/6,104.440002,31.172001,-0.948,77.989998,-0.665
2021/12/7,106.730003,31.650999,-1.537,79.68,-0.94
2021/12/8,107.129997,32.276001,-1.852,79.779999,-1.056
2021/12/9,106.239998,31.881001,-1.798,79.190002,-0.959
2021/12/10,107.029999,31.582001,-1.963,79.389999,-1.102
2021/12/13,105.800003,31.153,-1.905,77.639999,-1.023
2021/12/14,104.910004,31.089001,-1.726,77.220001,-0.92
2021/12/15,106.639999,31.488001,-1.837,78.330002,-1.027
2021/12/16,105.580002,31.148001,-2,78.410004,-0.976
2021/12/17,104.610001,31.672001,-1.779,77.290001,-0.896
2021/12/20,103.440002,31.35,-1.39,77.129997,-0.827
2021/12/21,105.290001,32.34,-1.77,78.040001,-0.939
2021/12/22,106.309998,32.598,-1.956,78.839996,-1.053
2021/12/23,106.970001,32.439999,-2.162,79.260002,-1.133
2021/12/27,108.459999,32.716999,-2.185,79.860001,-1.177
2021/12/28,108.330002,32.477001,-2.48,79.900002,-1.295
2021/12/29,108.419998,32.428001,-2.474,79.849998,-1.311
2021/12/30,108.230003,32.834,-2.476,79.529999,-1.281
2021/12/31,107.900002,32.977001,-2.537,79.459999,-1.303
2022/1/3,108.440002,32.915001,-2.537443709,79.93,-1.436911266
2022/1/4,108.25,33.103001,-2.633788944,80.440002,-1.4430226
2022/1/5,105.970001,32.317001,-2.647145917,79.650002,-1.328421438
2022/1/6,105.900002,32.317001,-2.440022763,79.309998,-1.323096193
2022/1/7,105.419998,32.314999,-2.540550551,79.529999,-1.338603837
2022/1/10,105.330002,31.908001,-2.418389878,78.690002,-1.297748514
2022/1/11,106.32,32.105,-2.530836933,79.68,-1.347434881
2022/1/12,106.57,31.815001,-2.745738159,80.449997,-1.422098907
2022/1/13,104.93,31.594,-2.565139807,79.809998,-1.287583197
2022/1/14,104.839996,31.459999,-2.411914031,79.709999,-1.312464198
2022/1/18,102.949997,30.959999,-2.192121851,78.620003,-1.126895699
2022/1/19,101.830002,30.518,-2.05013545,78.529999,-1.106232159
2022/1/20,100.800003,30.183001,-2.11458105,78.089996,-1.036043135
2022/1/21,98.769997,29.724001,-1.711636792,77.099998,-0.85395198
2022/1/24,99.209999,30.235001,-1.32036753,76.230003,-0.77583511
2022/1/25,97.910004,30.202999,-1.188961184,75.879997,-0.704677871
2022/1/26,97.470001,29.726,-1.382190106,75.589996,-0.726329029
2022/1/27,97.029999,29.277,-1.21412724,75.120003,-0.702913157
2022/1/28,99.43,29.691,-1.351324216,75.459999,-0.79319889
2022/1/31,101.410004,30.271,-1.565670843,76.440002,-0.897270428
2022/2/1,102.129997,30.562,-1.882114225,77.260002,-1.079098574
2022/2/2,102.790001,30.398001,-1.993001795,77.699997,-1.038949762
2022/2/3,100.279999,30.084,-1.678570107,76.510002,-0.891790266
2022/2/4,100.849998,30.209999,-1.58038941,76.580002,-0.928966382
2022/2/7,100.589996,30.483,-1.464173784,76.769997,-0.917185432
2022/2/8,101.43,30.868999,-1.625553791,77.209999,-0.965663532
2022/2/9,102.949997,31.575001,-1.887030232,78.440002,-1.061020725
2022/2/10,101.129997,31.32,-1.744538721,77.43,-0.939712742
2022/2/11,99.099998,31.152,-1.234295831,76.269997,-0.664224291
2022/2/14,98.739998,30.790001,-0.746364252,75.699997,-0.586621499
2022/2/15,100.410004,31.306999,-1.062877544,77.120003,-0.790684946
2022/2/16,100.410004,31.4,-1.290845116,77.410004,-0.823146094
2022/2/17,98.139999,30.924,-0.866388329,76.120003,-0.59232857
2022/2/18,97.459999,30.767,-0.849916255,75.790001,-0.601040425
2022/2/22,96.379997,30.250999,-0.613042553,74.889999,-0.552480821
2022/2/23,94.610001,30.205,-0.520606528,74.269997,-0.464083143
2022/2/24,96.279999,30.549,0.07033264,73.059998,-0.372770727
2022/2/25,98.339996,31.117001,0.07033264,74.959999,-0.372770727
2022/2/28,98.160004,31.011999,-0.063365892,73.690002,-0.372658461
2022/3/1,96.720001,30.202999,0.647462366,71.959999,-0.083341449
2022/3/2,98.43,30.812,0.461635733,72.739998,-0.266471182
2022/3/3,97.889999,30.327,0.60489926,71.519997,-0.168588882
2022/3/4,96.940002,29.667999,1.753133265,69.349998,0.324510463
2022/3/7,94.089996,28.017,2.018863866,67.209999,0.387800155
2022/3/8,93.349998,28.254,1.813850651,67.779999,0.217031891
2022/3/9,95.93,29.18,1.234203368,70.620003,-0.072212349
2022/3/10,95.339996,28.937,1.154448449,69.639999,-0.158069264
2022/3/11,94,28.506001,1.137021358,68.889999,-0.171102913
2022/3/14,93.129997,28.202999,1.29061935,69.699997,0.016027349
2022/3/15,95.190002,28.712999,1.268429221,70.419998,0.005432924
2022/3/16,97.529999,29.514999,0.755485517,72.959999,-0.194233467
2022/3/17,98.809998,29.801001,0.301507065,73.489998,-0.29052342
2022/3/18,100,30.186001,0.013587478,74.110001,-0.464493245
2022/3/21,99.940002,29.604,-0.115391522,73.639999,-0.48247817
2022/3/22,101.18,29.976999,-0.110618107,74.419998,-0.455664978
2022/3/23,99.900002,29.556,-0.057282218,73.400002,-0.469601738
2022/3/24,101.059998,29.948,-0.018060668,74.029999,-0.49854075
2022/3/25,101.449997,29.782,0.041042835,73.970001,-0.467520056
2022/3/28,102.199997,29.759001,0.092331695,73.779999,-0.476624444
2022/3/29,103.629997,30.545,-0.220907714,75.370003,-0.593151561
2022/3/30,102.910004,30.149,-0.246787147,75.019997,-0.609637907
2022/3/31,101.349998,30.113001,-0.41966209,73.730003,-0.588865012
2022/4/1,101.580002,30.247,-0.615860941,74.389999,-0.72833389
2022/4/4,102.580002,30.450001,-0.793018001,74.669998,-0.716500409
2022/4/5,101.190002,29.885,-0.68289023,73.739998,-0.641371627
2022/4/6,99.940002,29.26,-0.353908491,72.82,-0.511957102
2022/4/7,100.43,29.201,-0.261818844,73.029999,-0.535985777
2022/4/8,100.110001,29.024,-0.349634922,73.050003,-0.540336455
2022/4/11,98.389999,28.872,-0.115231811,72.290001,-0.402402026
2022/4/12,97.949997,28.933001,-0.126080617,71.580002,-0.487308559
2022/4/13,99.160004,29.493,-0.254625444,72.480003,-0.517771204
2022/4/14,97.839996,29.610001,-0.406365303,72.18,-0.505759991
2022/4/18,97.779999,29.271,-0.330385562,71.760002,-0.537297512
2022/4/19,99.489998,29.816,-0.272886298,72.07,-0.556374869
2022/4/20,99.370003,30.035999,-0.235843177,72.669998,-0.435749064
2022/4/21,97.760002,29.188999,-0.049601165,71.949997,-0.26962032
2022/4/22,95.120003,28.715,0.492787525,70.769997,-0.037958775
2022/4/25,95.699997,29.063999,0.648638465,70.489998,-0.183930668
2022/4/26,92.93,28.288,0.945736037,68.519997,0.079012917
2022/4/27,93.129997,28.038,1.002055604,68.900002,0.090908742
2022/4/28,95.559998,28.605,1.000770639,69.919998,0.051978986
2022/4/29,92.010002,28.080999,1.307602955,69.07,0.404249185
2022/5/2,92.660004,28.368999,1.508453652,68.860001,0.391284535
2022/5/3,93.110001,28.416,1.258515933,69.459999,0.17402264
2022/5/4,95.860001,28.492001,0.941982815,70.599998,-0.128536516
2022/5/5,92.269997,27.608999,1.389201718,68.300003,0.307933648
2022/5/6,91.610001,27.122999,1.494548183,67.57,0.286314254
2022/5/9,88.559998,26.200001,2.11841379,65.550003,0.56665164
2022/5/10,88.769997,26.039,1.965824164,65.980003,0.508589153
2022/5/11,87.209999,25.698999,1.710072303,65.519997,0.430858863
2022/5/12,87.260002,25.885,2.009210362,65.360001,0.501629873
2022/5/13,89.510002,26.834999,1.543031124,67.18,0.289947224
2022/5/16,89.040001,26.73,1.425106494,67.199997,0.203375534
2022/5/17,90.980003,27.232,1.072436148,68.459999,0.08148709
2022/5/18,87.230003,26.177999,1.345290903,66.870003,0.344122715
2022/5/19,86.690002,26.051001,1.476976893,67.379997,0.318389234
2022/5/20,86.889999,25.905001,1.298997333,67.889999,0.284480615
2022/5/23,88.43,26.017,0.993436287,69.029999,0.110947018
2022/5/24,87.610001,25.690001,1.070346053,68.910004,0.188157343
2022/5/25,88.43,26.290001,0.949692332,68.870003,0.15784906
2022/5/26,90.279999,26.858,0.770533956,69.639999,0.058462759
2022/5/27,92.57,27.174,0.389104713,70.5,-0.138147906
2022/5/31,91.919998,27.132999,0.411841378,70.120003,-0.073663392
2022/6/1,91.209999,26.986,0.731988486,69.290001,-0.104551306
2022/6/2,93.089996,27.496,0.273595103,70.669998,-0.167907316
2022/6/3,91.510002,27.254,0.231439157,69.730003,-0.171623247
2022/6/6,91.75,27.396999,0.313286131,69.980003,-0.140070124
2022/6/7,92.720001,27.565001,0.385044847,70.150002,-0.139429752
2022/6/8,91.75,27.208,0.478921719,69.239998,-0.09155749
2022/6/9,89.220001,26.813999,0.656606631,66.43,0.004006665
2022/6/10,86.550003,26.142,0.858344243,64.739998,0.008386244
2022/6/13,83.199997,24.747,2.139735566,62.619999,0.680673216
2022/6/14,82.849998,24.860001,2.176315286,62.040001,0.54926588
2022/6/15,84.139999,25.318001,2.093801673,63.330002,0.373787201
2022/6/16,81.269997,24.298,2.850685339,61.98,0.911655507
2022/6/17,81.389999,24.732,2.588050847,61.639999,0.723441798
2022/6/21,83.449997,24.971001,2.19141246,62.66,0.655076064
2022/6/22,83.370003,24.858,2.265239601,62.27,0.661383451
2022/6/23,84.269997,25.032,2.343053654,62.169998,0.696855562
2022/6/24,86.900002,26.044001,2.100282265,64.019997,0.56569468
2022/6/27,86.629997,26.014999,1.991844479,63.790001,0.523831651
2022/6/28,84.82,25.705,2.020958928,63.330002,0.571448116
2022/6/29,84.739998,25.372999,2.123159465,63.07,0.534113849
2022/6/30,83.900002,25.077999,2.454734318,62.759998,0.726675171
2022/7/1,84.910004,25.313999,2.889652049,62.880001,0.995447837
2022/7/5,85.07,25.538,2.785035486,61.599998,0.771907182
2022/7/6,85.43,25.246,2.772293073,61.610001,0.719712511
2022/7/7,86.739998,25.417,2.47426933,62.52,0.563895882
2022/7/8,86.650002,25.172001,2.246699411,62.650002,0.481764099
2022/7/11,85.669998,24.858999,2.43299794,61.650002,0.54360769
2022/7/12,84.800003,25.017,2.518223524,61.639999,0.52561817
2022/7/13,84.400002,25.049,2.376651304,61.580002,0.389794058
2022/7/14,84.080002,24.93,2.568929342,60.779999,0.437002782
2022/7/15,85.730003,25.502001,2.288526389,61.849998,0.300201606
2022/7/18,85.059998,25.608,2.259499378,62.139999,0.290447926
2022/7/19,87.379997,26.385,1.963246693,63.75,0.144481205
2022/7/20,88.059998,26.493999,1.78234627,63.330002,0.081023601
2022/7/21,88.940002,26.548,1.636228699,63.990002,0.135829661
2022/7/22,88.089996,26.379,1.549695791,63.830002,0.156176984
2022/7/25,88.139999,26.523001,1.324017709,64.379997,-0.027497083
2022/7/26,87.099998,26.285999,1.555745523,63.439999,0.187671042
2022/7/27,89.309998,26.593,1.44339089,64.900002,0.108228262
2022/7/28,90.489998,27.002001,1.380647787,65.269997,0.136555265
2022/7/29,91.900002,26.906,1.140089947,66.209999,0.022400432
2022/8/1,91.650002,26.983999,1.191339858,66.290001,0.043218952
2022/8/2,91.059998,27.018999,1.372935486,65.209999,0.109296623
2022/8/3,92.580002,27.15,1.248347248,65.599998,0.024036819
2022/8/4,92.589996,27.080999,1.150598295,65.949997,-0.004272984
2022/8/5,92.339996,26.940001,1.068964958,65.400002,-0.091449657
2022/8/8,92.269997,27.148001,1.001530843,65.620003,-0.047039421
2022/8/9,91.870003,26.879,1.042393853,65.25,-0.02906747
2022/8/10,93.879997,27.546,0.659161077,66.769997,-0.296961303
2022/8/11,93.800003,27.66,0.603485012,66.779999,-0.226786029
2022/8/12,95.459999,28.000999,0.360398547,67.199997,-0.36641583
2022/8/15,95.879997,28.097,0.525390579,66.830002,-0.289900369
2022/8/16,95.970001,28.375,0.43314308,66.75,-0.349389862
2022/8/17,95.279999,28.004,0.589427629,66.230003,-0.305817968
2022/8/18,95.529999,28.174999,0.668673399,65.970001,-0.27489039
2022/8/19,94.209999,27.726999,0.999792944,65.110001,-0.103167856
2022/8/22,92.190002,27.23,1.412250402,63.970001,0.056183194
2022/8/23,92.019997,27.295,1.509112751,64.029999,0.096508559
2022/8/24,92.330002,27.365999,1.341330285,64.089996,-0.050952101
2022/8/25,93.690002,27.624001,1.173873487,64.82,-0.084186115
2022/8/26,90.43,26.854,1.247471965,63.080002,-0.037474591
2022/8/29,89.769997,26.608,1.574165177,62.919998,0.095788722
2022/8/30,88.82,26.209999,1.461254625,62.52,-0.026853673
2022/8/31,88.199997,26.056,1.626848537,62.049999,0.155318237
2022/9/1,88.300003,25.891001,1.678463115,61.209999,0.028030294
2022/9/2,87.400002,25.709,1.57674153,60.84,0.089781311
2022/9/6,87.010002,25.823,1.800282617,60.560001,0.219973412
2022/9/7,88.629997,26.174999,1.768797103,61.119999,0.140815572
2022/9/8,89.190002,26.122,1.461523109,61.25,0.133376006
2022/9/9,90.720001,26.485001,1.154433381,62.779999,-0.090936636
2022/9/12,91.660004,26.688999,1.139720237,63.610001,-0.011322668
2022/9/13,87.589996,25.761999,1.234774525,61.389999,-0.006542609
2022/9/14,87.900002,25.813,1.323465471,61.639999,-0.060976541
2022/9/15,86.910004,25.719,1.445809895,61.060001,0.110059564
2022/9/16,86.160004,25.542999,1.72460469,60.66,0.291692823
2022/9/19,86.839996,25.674999,1.730365679,60.889999,0.313430995
2022/9/20,85.790001,25.381001,1.876192163,59.869999,0.357970982
2022/9/21,84.25,24.959999,2.006379498,59.110001,0.424716366
2022/9/22,83.470001,24.461,1.998146149,58.939999,0.451895369
2022/9/23,82.110001,23.711,2.476041654,56.959999,0.712650363
2022/9/26,80.870003,23.57,3.082155588,56.130001,0.879436612
2022/9/27,80.699997,23.615,3.114312874,55.75,0.923815129
2022/9/28,82.330002,24.1,3.387102038,57.18,0.847503589
2022/9/29,80.529999,23.712999,3.470481381,56.439999,0.922704018
2022/9/30,79.410004,23.681999,3.286035015,56.130001,0.857746757
2022/10/3,81.550003,24.040001,3.160071552,57.43,0.767742017
2022/10/4,84.050003,24.921,2.72839579,59.73,0.635423186
2022/10/5,83.870003,24.867001,2.638157851,59,0.549032139
2022/10/6,83.040001,24.66,2.74726024,58.009998,0.675493555
2022/10/7,80.639999,24.211,2.901742358,57.029999,0.735381691
2022/10/10,79.970001,23.961,3.101576395,56.700001,0.788973979
2022/10/11,79.400002,24.045,3.408458909,56.049999,0.937136554
2022/10/12,79.220001,24.127001,3.422477604,55.830002,0.889459798
2022/10/13,81.230003,24.657,3.389204222,57,0.866032208
2022/10/14,79.349998,24.166,3.123886565,56.130001,0.731262972
2022/10/17,81.379997,24.629999,3.136646112,57.549999,0.763015609
2022/10/18,82.400002,24.836,2.896193246,57.990002,0.642778746
2022/10/19,81.720001,24.511999,2.992866085,57.209999,0.768187703
2022/10/20,81.029999,24.507999,3.045855013,57.119999,0.802050371
2022/10/21,83.040001,25.059,3.195306382,58.060001,0.861458976
2022/10/24,84,25.285,3.030406678,58.110001,0.679652168
2022/10/25,85.470001,25.969999,2.860204446,59.43,0.596591351
2022/10/26,84.849998,26.15,2.652500256,59.919998,0.513659841
2022/10/27,84.43,26.073999,2.469465238,59.330002,0.428443909
2022/10/28,86.349998,26.674,2.253793918,59.98,0.239294207
2022/10/31,85.75,26.695999,2.44696795,59.400002,0.484768663
2022/11/1,85.419998,26.565001,2.307538011,59.869999,0.445739168
2022/11/2,83.18,25.844999,2.249650949,59.029999,0.42451606
2022/11/3,82.260002,25.794001,2.286848865,58.5,0.46582531
2022/11/4,83.470001,26.183001,2.047777064,60.810001,0.355206439
2022/11/7,84.190002,26.424999,1.932746655,61.07,0.380845917
2022/11/8,84.800003,26.304001,1.93482749,61.830002,0.434502029
2022/11/9,82.949997,26.004,1.846461287,60.93,0.317972495
2022/11/10,87.699997,27.066,1.590152924,64.389999,0.105531086
2022/11/11,88.650002,27.146,1.405695264,65.660004,0.065546842
2022/11/14,87.849998,27.049,1.33631517,65.010002,0.101936996
2022/11/15,88.620003,27.333,1.219063122,65.379997,0.065727618
2022/11/16,87.889999,27.385,1.306424269,65.269997,0.124569058
2022/11/17,87.57,27.385,1.3703491,65.190002,0.160558228
2022/11/18,87.910004,27.542,1.327913039,65.389999,0.204347626
2022/11/21,87.550003,27.570999,1.32200947,64.800003,0.205855605
2022/11/22,88.790001,27.745001,1.19383675,65.620003,0.130963994
2022/11/23,89.370003,27.91,1.113504909,66.480003,0.1061126
2022/11/25,89.349998,28.040001,1.055192624,66.830002,0.062008072
2022/11/28,87.879997,27.718,1.230495142,65.919998,0.128005716
2022/11/29,87.739998,27.849001,1.165896958,66.120003,0.087763825
2022/11/30,90.529999,28.408001,1.006300821,67.300003,-0.015929364
2022/12/1,90.510002,28.492001,0.879963013,67.940002,-0.077836374
2022/12/2,90.410004,28.41,0.825470611,67.860001,-0.094553331
2022/12/5,88.669998,28.025,0.703194477,67.07,-0.12073858
2022/12/6,87.349998,27.738001,1.090347311,66.660004,0.089323485
2022/12/7,87.25,27.605,1.027496438,66.669998,0.101124382
2022/12/8,87.989998,27.638,0.895925739,67.040001,0.041386255
2022/12/9,87.349998,27.615,0.871991968,67.050003,0.133895171
2022/12/12,88.589996,27.709,0.912537607,67.190002,0.121676282
2022/12/13,88.940002,28,0.547580888,67.949997,-0.066957204
2022/12/14,88.370003,27.83,0.317600406,67.959999,-0.160515185
2022/12/15,86.209999,27.459,0.498214559,66.129997,0.003378747
2022/12/16,85.07,27.214001,0.688826128,65.589996,0.044903846
2022/12/19,84.300003,26.912001,0.74350663,65.389999,0.063795057
2022/12/20,84.43,26.947001,0.895000897,65.690002,0.044082008
2022/12/21,85.720001,27.153999,0.732614258,66.32,-0.045144275
2022/12/22,84.360001,26.872,0.790329617,65.769997,0.035869846
2022/12/23,84.839996,26.853001,0.79753168,66.040001,-0.003864769
2022/12/27,84.510002,26.823,0.813794454,66.089996,0.060579984
2022/12/28,83.510002,26.297001,0.853749776,65.400002,0.065818462
2022/12/29,85.029999,26.697001,0.836875139,66.419998,0.042126457
2022/12/30,84.75,26.690001,0.908846553,65.739998,0.081779088
2023/1/3,84.440002,26.527,0.938192628,66.269997,0.113468149
2023/1/4,85.029999,26.938,0.787988881,67.209999,-0.003999061
2023/1/5,84.050003,26.603001,0.65210368,66.57,-0.089683448
2023/1/6,85.900002,27.073,0.490314247,68.279999,-0.133639322
2023/1/9,85.900002,26.961,0.435500049,68.580002,-0.124522169
2023/1/10,86.599998,27.150999,0.283731758,68.75,-0.226363151
2023/1/11,87.639999,27.441999,0.257004091,69.410004,-0.231310626
2023/1/12,88.050003,27.705999,0.231527302,70.410004,-0.265579087
2023/1/13,88.470001,27.792,0.147238423,70.75,-0.296229063
2023/1/17,88.32,27.924999,0.133762813,71,-0.294321104
2023/1/18,86.889999,27.356001,-0.07385804,70.669998,-0.361334286
2023/1/19,86.18,27.25,0.023630372,70.580002,-0.36049303
2023/1/20,87.809998,27.659,-0.003863439,71.169998,-0.330378149
2023/1/23,88.910004,27.889,-0.081867561,71.459999,-0.400328555
2023/1/24,88.760002,28.031,-0.116532291,71.449997,-0.428274672
2023/1/25,88.790001,28.158001,-0.109635726,71.889999,-0.423748141
2023/1/26,89.790001,28.065001,-0.110708987,71.959999,-0.385255501
2023/1/27,90.080002,27.92,-0.179939228,71.75,-0.421021136
2023/1/30,88.900002,27.757999,-0.035708904,71.360001,-0.333822631
2023/1/31,90.239998,28.219999,-0.087913661,71.75,-0.395367844
2023/2/1,91.209999,28.539,-0.218800241,72.389999,-0.476608533
2023/2/2,92.639999,28.492001,-0.487620893,72.300003,-0.523778942
2023/2/3,91.580002,28.77,-0.469552031,71.550003,-0.523657113
2023/2/6,90.949997,28.49,-0.269192367,70.870003,-0.416325104
2023/2/7,92.099998,28.537001,-0.315202751,71.480003,-0.478766442
2023/2/8,91.080002,28.188,-0.335333766,71.050003,-0.46391527
2023/2/9,90.209999,28.061001,-0.325336425,71.18,-0.412136109
2023/2/10,90.389999,27.975,-0.157026395,70.830002,-0.379394691
2023/2/13,91.449997,28.368,-0.15013955,71.559998,-0.380789666
2023/2/14,91.510002,28.333,-0.303318274,71.709999,-0.454322599
2023/2/15,91.889999,28.392,-0.369343911,71.470001,-0.453734704
2023/2/16,90.620003,28.311001,-0.37690515,71.080002,-0.423093578
2023/2/17,90.309998,28.405001,-0.258076333,71.269997,-0.409786951
2023/2/21,88.449997,28.125999,-0.013614515,70.440002,-0.23321173
2023/2/22,88.379997,28.190001,0.052109785,70.050003,-0.252145653
2023/2/23,88.93,28.386,-0.090751461,70.470001,-0.339862081
2023/2/24,87.879997,28.104,-0.030427761,69.290001,-0.292156374
2023/2/27,88.220001,28.177,-0.072539449,70.160004,-0.298856471
2023/2/28,87.870003,28.204,-0.089987859,69.620003,-0.313908573
2023/3/1,87.589996,28.243999,-0.050818896,70.019997,-0.314648652
2023/3/2,88.25,28.530001,-0.070120147,70.150002,-0.29309744
2023/3/3,89.669998,28.676001,-0.218351033,71.169998,-0.398307331
2023/3/6,89.620003,28.575001,-0.199511559,71.040001,-0.381160194
2023/3/7,88.25,28.33,-0.163453913,69.849998,-0.368815433
2023/3/8,88.389999,28.219999,-0.135594274,70.209999,-0.371324401
2023/3/9,86.730003,27.881001,0.081149071,69.690002,-0.181825695
2023/3/10,85.410004,27.355,0.539582824,68.940002,0.048053764
2023/3/13,85.25,26.993,1.428646389,68.449997,0.498307753
2023/3/14,86.620003,27.201,1.253404062,69.339996,0.307023992
2023/3/15,86.139999,26.841,2.425909074,67.230003,0.841033412
2023/3/16,87.57,27.188999,1.683346583,68.260002,0.404703724
2023/3/17,86.540001,26.837999,2.097701242,67.459999,0.681622796
2023/3/20,87.330002,27.195,2.189806297,68.540001,0.560387069
2023/3/21,88.580002,27.429001,1.444812871,69.519997,0.193958731
2023/3/22,87.050003,27.113001,1.248118589,69.32,0.17483337
2023/3/23,86.760002,26.936001,1.419161955,69.349998,0.409092672
2023/3/24,87.300003,27.193001,1.735262939,69.129997,0.512079276
2023/3/27,87.470001,27.375,1.408817773,69.760002,0.314756715
2023/3/28,87.290001,27.424999,1.160832114,69.849998,0.1840577
2023/3/29,88.580002,27.620001,0.894092287,70.660004,0.075889799
2023/3/30,89.089996,27.757,0.776496511,71.529999,0.064322412
2023/3/31,90.449997,28.073,0.630239208,71.839996,0.018213861
2023/4/3,90.660004,28.184999,0.497990624,72.459999,-0.048231599
2023/4/4,90.139999,27.871,0.433537626,72.470001,-0.086175798
2023/4/5,89.769997,27.802999,0.757090686,71.989998,0.063955877
2023/4/6,90.089996,27.844,0.672323044,72.269997,0.03491034
2023/4/10,90.220001,27.98,0.518555949,72.239998,-0.078394611
2023/4/11,90.260002,28.191,0.34105145,72.43,-0.160182454
2023/4/12,89.879997,28.080999,0.199980138,72.900002,-0.228808777
2023/4/13,91.040001,28.4,0.032583845,73.830002,-0.316424487
2023/4/14,90.830002,28.334,-0.141550848,73.559998,-0.419857876
2023/4/17,91.160004,28.5,-0.119918871,73.400002,-0.417189974
2023/4/18,91.239998,28.68,-0.231608562,73.760002,-0.465641159
2023/4/19,91.25,28.76,-0.209704147,73.470001,-0.456413385
2023/4/20,90.690002,28.627001,-0.095619877,73.519997,-0.370172599
2023/4/21,90.809998,28.728001,-0.129716127,73.879997,-0.380904152
2023/4/24,90.849998,28.76,-0.079134821,74.07,-0.3364073
2023/4/25,89.32,28.684999,0.224555816,73.010002,-0.169421479
2023/4/26,88.970001,28.511999,0.289523638,72.949997,-0.18884233
2023/4/27,90.779999,28.841,0.007789949,73.870003,-0.366506094
2023/4/28,91.529999,28.962999,-0.076362439,73.790001,-0.368304128
2023/5/1,91.459999,28.983999,-0.050552939,73.790001,-0.339817377
2023/5/2,90.440002,28.780001,0.258610993,73.019997,-0.190902743
2023/5/3,89.830002,28.756001,0.306824353,73.220001,-0.145370566
2023/5/4,89.150002,28.636999,0.489857793,73.120003,-0.027754571
2023/5/5,90.800003,28.905001,0.150708233,74.160004,-0.241164455
2023/5/8,90.830002,28.846001,0.152839069,74.190002,-0.224831305
2023/5/9,90.459999,28.483,0.127294041,73.889999,-0.229443269
2023/5/10,90.910004,28.415001,0.104520449,73.82,-0.246935273
2023/5/11,90.669998,28.158001,0.129102698,73.580002,-0.220105489
2023/5/12,90.559998,28.122999,-0.058113328,73.419998,-0.342177774
2023/5/15,90.910004,28.212,0.002101816,74.010002,-0.276846922
2023/5/16,90.209999,27.884001,0.000544671,73.300003,-0.254584923
2023/5/17,91.370003,27.83,-0.094176435,73.669998,-0.376158842
2023/5/18,92.25,27.950001,-0.118353326,73.550003,-0.437565448
2023/5/19,92.07,27.997999,-0.011757514,74,-0.330458019
2023/5/22,92.139999,28.086,-0.043761797,74,-0.316871737
2023/5/23,91.120003,27.778,0.085300558,72.93,-0.279647874
2023/5/24,90.440002,27.452999,0.239538818,71.910004,-0.200623013
2023/5/25,91.209999,27.155001,0.20719493,71.82,-0.204808711
2023/5/26,92.489998,27.183001,0.159555364,72.510002,-0.243878066
2023/5/30,92.440002,26.763,0.133740909,71.709999,-0.299141925
2023/5/31,91.940002,26.681999,0.203094064,70.970001,-0.320931248
2023/6/1,92.839996,26.961,-0.076537122,72.059998,-0.481557316
2023/6/2,94.239998,27.683001,-0.343038319,73.07,-0.6255794
2023/6/5,94.080002,27.4,-0.273888664,72.650002,-0.590506207
2023/6/6,94.330002,27.759001,-0.419979396,73.32,-0.659831691
2023/6/7,93.620003,28.223,-0.489099401,71.230003,-0.705567528
2023/6/8,94.209999,28.382999,-0.462623327,71.989998,-0.70290223
2023/6/9,94.290001,28.105,-0.608214196,71.949997,-0.727945478
2023/6/12,95.18,28.306,-0.589648493,72.239998,-0.667289698
2023/6/13,95.849998,28.708,-0.659124602,72.889999,-0.714454065
2023/6/14,95.940002,28.593,-0.739956727,73.190002,-0.753604841
2023/6/15,97.120003,28.674999,-0.666890739,73.93,-0.677965878
2023/6/16,96.730003,28.438,-0.899506027,73.75,-0.79980726
2023/6/20,96.25,28.41,-0.784861457,72.739998,-0.768708748
2023/6/21,95.669998,28.485001,-0.767136782,72.849998,-0.753605627
2023/6/22,95.989998,28.403999,-0.825230705,72.480003,-0.838944283
2023/6/23,95.220001,28.065001,-0.667761265,71.309998,-0.796265857
2023/6/26,94.860001,28.165001,-0.557,71.419998,-0.716
2023/6/27,95.93,28.382,-0.643,72.040001,-0.741
2023/6/28,95.970001,28.294001,-0.638,72.150002,-0.747
2023/6/29,96.330002,28.562,-0.686,72,-0.768
2023/6/30,97.459999,28.785,-0.759,72.93,-0.786
2023/7/3,97.639999,28.886999,-0.832,72.849998,-0.82
2023/7/5,97.449997,28.486,-0.862,72.040001,-0.818
2023/7/6,96.639999,28.103001,-0.588,70.790001,-0.767
2023/7/7,96.440002,28.360001,-0.582,71.349998,-0.757
2023/7/10,96.760002,28.556,-0.547,71.550003,-0.775
2023/7/11,97.43,28.827,-0.608,72.199997,-0.787
2023/7/12,98.209999,29.202999,-0.729,73.57,-0.837
2023/7/13,99.029999,29.687,-0.862,74.790001,-0.883
2023/7/14,98.889999,29.503,-0.915,74.400002,-0.9
2023/7/17,99.339996,29.474001,-0.767,74.379997,-0.809
2023/7/18,100.139999,29.58,-0.817,74.779999,-0.833
2023/7/19,100.440002,29.726,-0.741,74.769997,-0.732
2023/7/20,99.639999,29.687,-0.764,74.269997,-0.755
2023/7/21,99.739998,29.639999,-0.817,74.290001,-0.747
2023/7/24,100.139999,29.448,-0.777,74.080002,-0.749
2023/7/25,100.43,29.452999,-0.779,74.25,-0.72
2023/7/26,100.440002,29.558001,-0.802,74.480003,-0.745
2023/7/27,99.669998,29.184,-0.831,74.279999,-0.704
2023/7/28,100.669998,29.360001,-0.956,74.82,-0.783
2023/7/31,100.860001,29.327999,-0.965,74.760002,-0.804
2023/8/1,100.589996,29.135,-0.922,73.809998,-0.798
2023/8/2,99.120003,28.846001,-0.629,72.459999,-0.678
2023/8/3,98.809998,28.722,-0.513,72.220001,-0.653
2023/8/4,98.440002,28.524,-0.521,72.389999,-0.612
2023/8/7,99.25,28.657,-0.593,73.040001,-0.676
2023/8/8,98.75,28.441,-0.518,72.629997,-0.664
2023/8/9,98.089996,28.082001,-0.65,72.580002,-0.738
2023/8/10,98.169998,28.24,-0.778,72.870003,-0.756
2023/8/11,98.080002,27.966,-0.734,72.370003,-0.745
2023/8/14,98.650002,28.035999,-0.699,72.07,-0.757
2023/8/15,97.510002,27.695,-0.561,71.239998,-0.652
2023/8/16,96.730003,27.513,-0.542,70.650002,-0.667
2023/8/17,95.989998,27.267,-0.394,70.120003,-0.598
2023/8/18,96.059998,27.24,-0.386,70.099998,-0.614
2023/8/21,96.660004,27.363001,-0.406,70.349998,-0.641
2023/8/22,96.349998,27.291,-0.509,70.290001,-0.677
2023/8/23,97.470001,27.523001,-0.569,71.059998,-0.703
2023/8/24,96.099998,27.302999,-0.543,70.080002,-0.658
2023/8/25,96.800003,27.326,-0.592,70.519997,-0.732
2023/8/28,97.410004,27.509001,-0.731,71.260002,-0.813
2023/8/29,98.910004,27.790001,-0.831,72.199997,-0.844
2023/8/30,99.300003,27.844999,-0.852,72.160004,-0.821
2023/8/31,99.209999,27.662001,-0.893,71.830002,-0.815
2023/9/1,99.470001,27.618,-0.956,71.870003,-0.83
2023/9/5,99.010002,27.017,-0.887,71.209999,-0.777
2023/9/6,98.300003,26.860001,-0.87,71.120003,-0.753
2023/9/7,98,26.669001,-0.806,70.910004,-0.733
2023/9/8,98.169998,26.674,-0.893,70.849998,-0.768
2023/9/11,98.82,26.721001,-0.931,71.57,-0.777
2023/9/12,98.18,26.750999,-0.941,71.279999,-0.753
2023/9/13,98.209999,26.677999,-0.969,71.010002,-0.792
2023/9/14,99.080002,27.065001,-1.159,71.919998,-0.833
2023/9/15,97.800003,26.791,-1.095,71.800003,-0.756
2023/9/18,97.879997,26.584999,-1.047,71.480003,-0.749
2023/9/19,97.620003,26.506001,-1.066,71.519997,-0.755
2023/9/20,96.739998,26.482,-1.11,71.389999,-0.776
2023/9/21,95.080002,26,-0.851,70.230003,-0.65
2023/9/22,94.870003,26,-0.914,70.269997,-0.675
2023/9/25,95.300003,25.768,-0.831,69.93,-0.687
2023/9/26,93.480003,25.549999,-0.62,69.029999,-0.543
2023/9/27,93.559998,25.524,-0.263,68.870003,-0.526
2023/9/28,94.120003,25.73,-0.464,69.419998,-0.538
2023/9/29,93.910004,25.688999,-0.615,69.129997,-0.545
2023/10/2,93.809998,25.461,-0.49,68.120003,-0.522
2023/10/3,92.510002,24.962999,-0.244,67.25,-0.443
2023/10/4,93.199997,25.202999,-0.108,67.400002,-0.475
2023/10/5,93.040001,25.062,-0.17,68,-0.449
2023/10/6,94.260002,25.204,-0.313,68.769997,-0.517
2023/10/9,94.849998,25.332001,-0.199,68.639999,-0.515
2023/10/10,95.410004,25.628,-0.314,69.620003,-0.575
2023/10/11,95.839996,25.569,-0.426,69.940002,-0.618
2023/10/12,95.150002,24.93,-0.479,69.290001,-0.61
2023/10/13,94.669998,24.73,-0.211,68.660004,-0.481
2023/10/16,95.720001,25.09,-0.291,69.239998,-0.584
2023/10/17,95.720001,25.131001,-0.324,69.150002,-0.575
2023/10/18,94.360001,24.913,-0.166,67.93,-0.491
2023/10/19,93.449997,24.610001,0.045,67.279999,-0.376
2023/10/20,92.290001,24.42,0.199,66.720001,-0.314
2023/10/23,92.099998,24.399,0.123,66.720001,-0.372
2023/10/24,92.790001,24.771999,-0.061,67.129997,-0.453
2023/10/25,91.349998,24.139999,-0.067,66.599998,-0.39
2023/10/26,90.370003,24.028,0.099,66.129997,-0.343
2023/10/27,89.989998,23.915001,0.031,65.900002,-0.319
2023/10/30,91.059998,24.174,-0.003,66.690002,-0.391
2023/10/31,91.660004,24.120001,-0.203,66.93,-0.467
2023/11/1,92.629997,24.35,-0.341,67.610001,-0.528
2023/11/2,94.43,24.882,-0.522,68.93,-0.59
2023/11/3,95.360001,25.41,-0.649,69.650002,-0.669
2023/11/6,95.489998,25.280001,-0.502,69.349998,-0.716
2023/11/7,95.849998,25.431,-0.761,68.93,-0.75
2023/11/8,95.919998,25.549999,-0.789,68.839996,-0.761
2023/11/9,95.18,25.406,-0.832,68.889999,-0.736
2023/11/10,96.68,25.761,-0.839,69.230003,-0.774
2023/11/13,96.529999,25.750999,-0.789,69.370003,-0.724
2023/11/14,98.559998,26.461,-0.96,71.150002,-0.789
2023/11/15,98.690002,26.450001,-1.104,71.099998,-0.868
2023/11/16,98.910004,26.198999,-1.116,70.980003,-0.893
2023/11/17,99.050003,26.378,-1.228,71.93,-0.937
2023/11/20,99.800003,26.465,-1.158,72.190002,-0.886
2023/11/21,99.620003,26.391001,-1.178,71.900002,-0.867
2023/11/22,100.040001,26.525,-1.271,72.059998,-0.901
2023/11/24,100.110001,26.586,-1.385,72.68,-0.937
2023/11/27,99.940002,26.532,-1.306,72.440002,-0.918
2023/11/28,100.059998,26.443001,-1.321,72.5,-0.937
2023/11/29,100.089996,26.438999,-1.313,72.669998,-0.968
2023/11/30,100.489998,26.462,-1.306,72.669998,-0.934
2023/12/1,101.190002,26.844,-1.289,73.419998,-0.945
2023/12/4,100.629997,26.851999,-1.28,72.769997,-0.973
2023/12/5,100.599998,26.514999,-1.23,72.550003,-0.984
2023/12/6,100.230003,26.198999,-1.253,72.75,-0.987
2023/12/7,101,26.414,-1.16,73.07,-0.957
2023/12/8,101.43,26.681999,-1.234,73.25,-0.997
2023/12/11,101.870003,26.823999,-1.225,73.370003,-0.946
2023/12/12,102.279999,26.775,-1.268,73.550003,-0.973
2023/12/13,103.730003,27.486,-1.281,74.639999,-1.011
2023/12/14,104.110001,27.469,-1.382,75.18,-1.035
2023/12/15,103.93,27.023001,-1.432,74.459999,-1.043
2023/12/18,104.5,27.141001,-1.386,74.620003,-1.04
2023/12/19,105.110001,27.57,-1.513,75.32,-1.064
2023/12/20,103.25,27.031,-1.488,73.620003,-1.021
2023/12/21,104.290001,27.347,-1.404,74.769997,-1.004
2023/12/22,104.519997,27.194,-1.436,74.940002,-1.029
2023/12/26,105.010002,27.111,-1.445,75.300003,-1.033
2023/12/27,105.190002,27.09,-1.444,75.699997,-1.072
2023/12/28,105.25,27.191,-1.433,75.510002,-1.061
2023/12/29,104.919998,27.030001,-1.421,75.540001,-1.049
2024/1/2,104.199997,27.032,-1.287,74.610001,-0.967
2024/1/3,103.230003,26.475,-1.238,74.110001,-0.973
2024/1/4,102.910004,26.563,-1.231,74.290001,-0.961
2024/1/5,103.040001,26.5,-1.327,74.360001,-1.023
2024/1/8,104.589996,26.782,-1.326,75.07,-1.011
2024/1/9,104.379997,26.587,-1.291,74.5,-0.963
2024/1/10,104.970001,26.739,-1.38,74.970001,-1.01
2024/1/11,104.949997,26.681,-1.368,74.959999,-1.025
2024/1/12,105.040001,26.545,-1.311,75.309998,-1.012
2024/1/16,104.68,26.768,-1.354,74.029999,-1.002
2024/1/17,104.120003,26.629999,-1.272,73.389999,-0.954
2024/1/18,105,26.746,-1.381,74.019997,-1.019
2024/1/19,106.300003,26.792999,-1.441,74.230003,-1.06
2024/1/22,106.57,26.955999,-1.443,74.43,-1.079
2024/1/23,106.830002,27.174999,-1.499,74.260002,-1.101
2024/1/24,106.870003,27.086,-1.586,74.82,-1.089
2024/1/25,107.470001,27.379999,-1.59,75,-1.08
2024/1/26,107.330002,27.334999,-1.287,75.410004,-1.08
